precision,recall,f1,fpr,roc_auc,pr_auc,alerts_per_day,model,seed
0.014705882352941176,0.007731958762886598,0.010135135135135136,0.005071019501980473,0.794782496516714,0.022902044990379015,204,"A: Baseline (global IF, raw)",42
0.04417670682730924,0.028350515463917526,0.03453689167974882,0.006004490753588818,0.8418496437645864,0.03475834259400175,249,B: Proposed (per-user IF + new features),42
0.03333333333333333,0.015463917525773196,0.02112676056338028,0.004389837777833842,0.8418496437645864,0.03475834259400175,180,C: Proposed + persist K=2 M=1,42
0.7867647058823529,0.2757731958762887,0.4083969465648855,0.0007316396296389737,0.9712050843362275,0.49786362268231876,136,D: Supervised RF (upper bound),42
0.014634146341463415,0.007731958762886598,0.01011804384485666,0.005096248454726645,0.7990546425304483,0.023495638423084768,205,"A: Baseline (global IF, raw)",7
0.029411764705882353,0.020618556701030927,0.024242424242424242,0.006660443524989278,0.8410141622856286,0.034170750555020966,272,B: Proposed (per-user IF + new features),7
0.01744186046511628,0.007731958762886598,0.010714285714285714,0.004263693014102984,0.8410141622856286,0.034170750555020966,172,C: Proposed + persist K=2 M=1,7
0.7755102040816326,0.29381443298969073,0.4261682242990654,0.0008325554406236598,0.9648005716308491,0.49973144839819683,147,D: Supervised RF (upper bound),7
0.010050251256281407,0.005154639175257732,0.0068143100511073255,0.004970103690995787,0.7957085876494132,0.023226433607324997,199,"A: Baseline (global IF, raw)",123
0.03773584905660377,0.02577319587628866,0.030627871362940276,0.006433382950273734,0.837049705458479,0.030317559377259315,265,B: Proposed (per-user IF + new features),123
0.028089887640449437,0.01288659793814433,0.0176678445229682,0.004364608825087671,0.837049705458479,0.030317559377259315,178,C: Proposed + persist K=2 M=1,123
0.8,0.26804123711340205,0.4015444015444015,0.0006559527714004591,0.972213202076889,0.5004094638213763,130,D: Supervised RF (upper bound),123
0.014492753623188406,0.007731958762886598,0.010084033613445379,0.0051467063602189875,0.804543760398815,0.02396390049605874,207,"A: Baseline (global IF, raw)",2024
0.03557312252964427,0.023195876288659795,0.028081123244929798,0.006155864470065848,0.8361803469579214,0.0306489322799509,253,B: Proposed (per-user IF + new features),2024
0.024096385542168676,0.010309278350515464,0.01444043321299639,0.004087090344879784,0.8361803469579214,0.0306489322799509,166,C: Proposed + persist K=2 M=1,2024
0.7851851851851852,0.27319587628865977,0.40535372848948376,0.0007316396296389737,0.9692527665367332,0.4967587318486748,135,D: Supervised RF (upper bound),2024
0.014705882352941176,0.007731958762886598,0.010135135135135136,0.005071019501980473,0.8032784113770612,0.023926882374453045,204,"A: Baseline (global IF, raw)",999
0.03088803088803089,0.020618556701030927,0.02472952086553323,0.006332467139289048,0.8279254726332186,0.030380010638867697,259,B: Proposed (per-user IF + new features),999
0.021505376344086023,0.010309278350515464,0.013937282229965157,0.0045916693998032145,0.8279254726332186,0.030380010638867697,186,C: Proposed + persist K=2 M=1,999
0.7816901408450704,0.2860824742268041,0.4188679245283019,0.0007820975351313167,0.9571793796746714,0.4992917953418718,142,D: Supervised RF (upper bound),999
