rule,tp,fp,fn,tn,precision,recall,f1,fpr,alerts_per_day,insiders_caught,benign_flagged,seed
warning only,11,238,377,39399,0.04417670682730924,0.028350515463917526,0.03453689167974882,0.006004490753588818,1.6490066225165563,8,36,42
persist K=2 M=1,6,174,382,39463,0.03333333333333333,0.015463917525773196,0.02112676056338028,0.004389837777833842,1.1920529801324504,5,20,42
warning only,8,264,380,39373,0.029411764705882353,0.020618556701030927,0.024242424242424242,0.006660443524989278,1.8013245033112584,7,50,7
persist K=2 M=1,3,169,385,39468,0.01744186046511628,0.007731958762886598,0.010714285714285714,0.004263693014102984,1.1390728476821192,3,22,7
warning only,10,255,378,39382,0.03773584905660377,0.02577319587628866,0.030627871362940276,0.006433382950273734,1.7549668874172186,9,45,123
persist K=2 M=1,5,173,383,39464,0.028089887640449437,0.01288659793814433,0.0176678445229682,0.004364608825087671,1.1788079470198676,5,25,123
warning only,9,244,379,39393,0.03557312252964427,0.023195876288659795,0.028081123244929798,0.006155864470065848,1.6754966887417218,7,40,2024
persist K=2 M=1,4,162,384,39475,0.024096385542168676,0.010309278350515464,0.01444043321299639,0.004087090344879784,1.099337748344371,3,18,2024
warning only,8,251,380,39386,0.03088803088803089,0.020618556701030927,0.02472952086553323,0.006332467139289048,1.7152317880794703,7,37,999
persist K=2 M=1,4,182,384,39455,0.021505376344086023,0.010309278350515464,0.013937282229965157,0.0045916693998032145,1.2317880794701987,4,20,999
