percentile,threshold,accuracy,accuracy_percent,precision,recall,f1,fpr,roc_auc,pr_auc,alerts_per_day,tp,fp,fn,tn
90,0.44523328520994865,0.9147532792004996,91.47532792004996,0.03676470588235294,0.30927835051546393,0.06571741511500548,0.07931982743396322,0.8455477010571971,0.03582182768165574,21.6158940397351,120,3144,268,36493
91,0.45254051568151676,0.9211992504684572,92.11992504684572,0.035906040268456375,0.2757731958762887,0.06353919239904988,0.07248278123975074,0.8455477010571971,0.03582182768165574,19.735099337748345,107,2873,281,36764
92,0.4615304071942887,0.9285446595877577,92.85446595877576,0.036036036036036036,0.24742268041237114,0.06290956749672345,0.06478795065216843,0.8455477010571971,0.03582182768165574,17.642384105960264,96,2568,292,37069
93,0.47187387736808156,0.9366645846346033,93.66645846346033,0.03628509719222462,0.21649484536082475,0.06215316315205328,0.05628579357670863,0.8455477010571971,0.03582182768165574,15.331125827814569,84,2231,304,37406
94,0.4843239402447768,0.9459088069956277,94.59088069956277,0.038920601971977165,0.19329896907216496,0.06479481641468683,0.04672402048590963,0.8455477010571971,0.03582182768165574,12.76158940397351,75,1852,313,37785
95,0.49684576628046073,0.9544784509681449,95.44784509681449,0.04156010230179028,0.16752577319587628,0.06659836065573771,0.037818200166511086,0.8455477010571971,0.03582182768165574,10.357615894039736,65,1499,323,38138
96,0.5111707192817908,0.9631730168644597,96.31730168644597,0.0475,0.14690721649484537,0.07178841309823678,0.028836692988874032,0.8455477010571971,0.03582182768165574,7.947019867549669,57,1143,331,38494
97,0.5284439303033075,0.9705683947532792,97.05683947532792,0.044930875576036866,0.10051546391752578,0.06210191082802548,0.02091480182657618,0.8455477010571971,0.03582182768165574,5.748344370860927,39,829,349,38808
98,0.552121945779335,0.977838850718301,97.7838850718301,0.04553734061930783,0.06443298969072164,0.05336179295624333,0.013219971238993869,0.8455477010571971,0.03582182768165574,3.6357615894039736,25,524,363,39113
99,0.5978843993475378,0.98473454091193,98.473454091193,0.044897959183673466,0.028350515463917526,0.03475513428120063,0.005903574942604133,0.8455477010571971,0.03582182768165574,1.6225165562913908,11,234,377,39403
