accuracy,precision,recall,f1,fpr,roc_auc,pr_auc,tn,fp,fn,tp,configuration,n_estimators,max_samples,max_features,threshold,alerts_per_day
0.98473454091193,0.044897959183673466,0.028350515463917526,0.03475513428120063,0.005903574942604133,0.8455477010571971,0.03582182768165574,39403,234,377,11,1,100,auto,1.0,0.5978843993475378,1.6225165562913908
0.984634603372892,0.04417670682730924,0.028350515463917526,0.03453689167974882,0.006004490753588818,0.8418496437645864,0.03475834259400175,39399,238,377,11,2,200,auto,1.0,0.6019269778372798,1.6490066225165563
0.9839100562148657,0.04609929078014184,0.03350515463917526,0.03880597014925373,0.006786588288720135,0.8379418220349673,0.03337936048844298,39368,269,375,13,3,500,auto,1.0,0.6003523241933405,1.8675496688741722
0.9838600874453467,0.029197080291970802,0.020618556701030927,0.02416918429003021,0.006710901430481621,0.8269723644132356,0.030536308484507946,39371,266,380,8,6,200,auto,0.7,0.6017322521626752,1.814569536423841
0.9838351030605871,0.05190311418685121,0.03865979381443299,0.04431314623338257,0.006912733052450993,0.8262169913615546,0.032522815902117336,39363,274,373,15,9,500,0.5,0.7,0.46073638731616284,1.913907284768212
0.9838101186758276,0.05782312925170068,0.04381443298969072,0.04985337243401759,0.006988419910689507,0.8221593239576998,0.03185877623791694,39360,277,371,17,5,200,0.5,1.0,0.4555112374616717,1.9470198675496688
0.984259837601499,0.031007751937984496,0.020618556701030927,0.02476780185758514,0.006307238186542876,0.8211622926511702,0.028329298597803296,39387,250,380,8,7,200,auto,0.5,0.6002381435591213,1.7086092715231789
0.9836602123672704,0.056666666666666664,0.04381443298969072,0.04941860465116279,0.007139793627166536,0.8194698070557318,0.03268782007399332,39354,283,371,17,8,500,0.7,0.7,0.45339689161816443,1.9867549668874172
0.9836602123672704,0.05067567567567568,0.03865979381443299,0.043859649122807015,0.007089335721674193,0.8110471406883446,0.029291707079717108,39356,281,373,15,4,200,0.7,1.0,0.4509531153394639,1.9602649006622517
