feature,importance
n_connect,14.063645882904463
z_n_new_ext,12.070376493114436
z_n_risky_ext,11.513080738282502
first_hour,11.451158708847878
n_filecopy,6.646307884990631
n_filecopy_usb_day,5.230599640424642
span_hours,5.003053948025471
n_logon,4.259777911899983
z_n_pcs,3.018334838955422
z_n_filecopy_usb_day,2.849292202830806
n_events,2.719468338870978
z_n_after_hours,2.5383281875766173
z_n_connect,2.4186060718414333
z_n_logon,2.3908590288874993
z_n_weekend_events,2.263695243632722
last_hour,1.8039756287981858
z_n_filecopy,1.7517726453423859
z_n_after_connect,1.7412375850925552
z_n_new_pc,1.4308427226335865
z_n_events,1.4229661190209701
z_n_after_file,1.3338408939380906
z_span_hours,0.538616186682095
n_after_connect,0.37377788134264106
z_last_hour,0.28525364628778577
z_first_hour,0.22326203549371348
n_after_hours,0.1654417603295654
n_pcs,0.1646752287266028
n_new_pc,0.12400759057326713
weekend,0.08309271523948271
n_weekend_events,0.058669349317092515
n_after_file,0.026929574771688385
n_risky_ext,0.02305753964674012
n_new_ext,0.011995775678082755
